Date,BRK_Close,SP500_Close,DJIA_Close,Pe-ratio,Price-book,Cash_Equivalents_to_Assets_Ratio,SP500_PE,BRK_Close_3M,BRK_Close_6M,BRK_Close_9M,BRK_Close_12M,BRK_Close_18M,SP500_Return,SP500_Performance_Gap,SP500_Performance_Lag2_Gap,SP500_Performance_Lag4_Gap,SP500_Performance_Lag6_Gap,SP500_Performance_Lag8_Gap,SP500_Performance_Lag10_Gap,BRK_Close_lag1,Pct_Change_3M,Pct_Change_6M,Pct_Change_9M,Pct_Change_12M,Pct_Change_18M,BRK_Close_lag1_pct,BRK_Close_lag2_pct
2010-01-31,68.34842079564145,10471.235300164473,1123.5815815172698,,,,,79.45857166108631,78.5066662742978,82.66190519787017,81.16600036621094,76.12399940490722,,,,,,,,,16.255168350800222,14.862443580121667,20.941938724561563,18.753292938389095,11.376383709748602,,
2010-02-28,76.51736891897102,10214.50627055921,1089.1599892064144,,,,,74.83600044250488,78.3822732405229,80.68333326067243,84.22999974300987,71.06130384362262,,,,,,,,,-2.197368388668249,2.4372300667143336,5.444468884068673,10.079581842661419,-7.130492269181598,,
2010-03-31,82.11913034190302,10677.518766983696,1152.0486901324728,14.44,0.51,0.07,18.91,76.22090911865234,82.47571491059803,80.20590868863192,84.67434758725373,69.73952447800409,,,,,,,,,-7.182517884314443,0.4342283791978468,-2.329812365651457,3.1115980341146705,-15.075178965432828,,
2010-04-30,79.45857166108631,11052.147646949405,1197.316185360863,14.44,0.51,0.07,19.01,78.5066662742978,82.66190519787017,81.16600036621094,82.03050003051757,75.11999947684151,,,,,,,,68.34842079564145,-1.197989552151354,4.031451195029026,2.1488288417860093,3.2368167658503566,-5.4601688572380285,16.255168350800222,
2010-05-31,74.83600044250488,10500.127001953126,1125.0620056152343,14.44,0.51,0.07,19.01,78.3822732405229,80.68333326067243,84.22999974300987,79.67952437627883,75.83380962553478,,,,,,,,76.51736891897102,4.738725716298213,7.813529295515923,12.552781074560798,6.472184383363916,1.333327779584505,-2.197368388668249,
2010-06-30,76.22090911865234,10159.26717862216,1083.3608953302557,15.91,0.53,0.08,16.15,82.47571491059803,80.20590868863192,84.67434758725373,75.64090936834162,76.68571435837518,,,,,,,,82.11913034190302,8.206154799608715,5.228223614830109,11.090708004337769,-0.7609457260708336,0.6098132980797667,-7.182517884314443,
2010-07-31,78.5066662742978,10222.242420014882,1079.8033360072545,15.91,0.53,0.08,16.15,82.66190519787017,81.16600036621094,82.03050003051757,76.12399940490722,78.2895004272461,-0.023778749403681188,-0.0937787494036812,,,,,,79.45857166108631,5.292848519454644,3.3873990810176258,4.488579025770498,-3.0349866864371418,-0.27662090031047554,-1.197989552151354,16.255168350800222
2010-08-31,78.3822732405229,10350.396351207386,1087.2822709517045,15.91,0.53,0.08,15.47,80.68333326067243,84.22999974300987,79.67952437627883,71.06130384362262,79.28200035095215,0.013303636715153333,-0.056696363284846674,,,,,,74.83600044250488,2.935689314710886,7.460521697989927,1.6550312744505369,-9.340083024174666,1.1478706514014305,4.738725716298213,-2.197368388668249
2010-09-30,82.47571491059803,10598.066127232143,1122.0819033668154,17.12,0.55,0.09,15.61,80.20590868863192,84.67434758725373,75.64090936834162,69.73952447800409,80.45727261629972,-0.007441114502859114,-0.07744111450285912,,,,,,76.22090911865234,-2.752090387366184,2.6657940207477777,-8.287052194291608,-15.44235226866443,-2.447317124181658,8.206154799608715,-7.182517884314443
2010-10-31,82.66190519787017,11044.485305059523,1171.5838099888392,17.12,0.55,0.09,15.61,81.16600036621094,82.03050003051757,76.12399940490722,75.11999947684151,80.00100021362304,-0.0006932898595501946,-0.0706932898595502,,,,,,78.5066662742978,-1.8096665302819255,-0.7638405694148762,-7.90921256570723,-9.1237985659481,-3.2190220850555535,5.292848519454644,-1.197989552151354
2010-11-30,80.68333326067243,11198.306640625,1198.8885614304315,17.12,0.55,0.09,15.88,84.22999974300987,79.67952437627883,71.06130384362262,75.83380962553478,80.48454596779563,0.06649249466620799,-0.003507505333792016,,,,,,78.3822732405229,4.395785770127818,-1.2441341276152758,-11.925671669962945,-6.010564312544896,-0.24637962370066885,2.935689314710886,4.738725716298213
2010-12-31,80.20590868863192,11465.25732421875,1241.5254516601562,15.12,0.52,0.1,16.05,84.67434758725373,75.64090936834162,69.73952447800409,76.68571435837518,81.25714365641277,0.12855160934685772,0.058551609346857714,,,,,,82.47571491059803,5.571209118730615,-5.691599777283395,-13.049392970858895,-4.388946385387292,1.3106702298727786,-2.752090387366184,8.206154799608715
2011-01-31,81.16600036621094,11802.370458984375,1282.6184997558594,15.12,0.52,0.1,16.3,82.03050003051757,76.12399940490722,75.11999947684151,78.2895004272461,84.07714298793248,0.15457743751758857,0.08457743751758856,-0.0937787494036812,,,,,82.66190519787017,1.0651007323338832,-6.211961829528165,-7.4489328808745245,-3.5439715225419874,3.586652796228499,-1.8096665302819255,5.292848519454644
2011-02-28,84.22999974300987,12190.000513980263,1321.1178877981085,15.12,0.52,0.1,16.52,79.67952437627883,71.06130384362262,75.83380962553478,79.28200035095215,84.9660876730214,0.17773272639537963,0.10773272639537962,-0.056696363284846674,,,,,80.68333326067243,-5.402440200183751,-15.634211016936511,-9.968170655458033,-5.874390843113296,0.8739023296419072,4.395785770127818,2.935689314710886
2011-03-31,84.67434758725373,12081.476477581522,1304.4865138841712,19.01,0.54,0.11,16.04,75.64090936834162,69.73952447800409,76.68571435837518,80.45727261629972,87.70684252287212,0.1399699089004265,0.06996990890042648,-0.07744111450285912,,,,,80.20590868863192,-10.66844738260722,-17.637954746400467,-9.43453768054908,-4.980345395172344,3.5813620323363176,5.571209118730615,-2.752090387366184
2011-04-30,82.03050003051757,12434.8765625,1331.5050109863282,19.01,0.54,0.11,16.04,76.12399940490722,75.11999947684151,78.2895004272461,80.00100021362304,88.8028578985305,0.12589009075900837,0.05589009075900836,-0.0706932898595502,,,,,81.16600036621094,-7.200371353841523,-8.424306265480723,-4.560498353514513,-2.4740795388782213,8.255902213802708,1.0651007323338832,-1.8096665302819255
2011-05-31,79.67952437627883,12579.992885044643,1338.3104654947917,19.01,0.54,0.11,16.12,71.06130384362262,75.83380962553478,79.28200035095215,80.48454596779563,86.73904818580264,0.1233834979484476,0.0533834979484476,-0.003507505333792016,,,,,84.22999974300987,-10.816104388321268,-4.826478045454985,-0.498903612237217,1.010324293246474,8.859897024718537,-5.402440200183751,4.395785770127818
2011-06-30,75.64090936834162,12097.30948153409,1287.2886408025568,15.54,0.49,0.13,15.35,69.73952447800409,76.68571435837518,80.45727261629972,81.25714365641277,88.86350059509277,0.05512760328372379,-0.014872396716276215,0.058551609346857714,,,,,84.67434758725373,-7.801842864685965,1.3812697371811904,6.367405268099422,7.424863522888492,17.48074069596692,-10.66844738260722,5.571209118730615
2011-07-31,76.12399940490722,12512.325537109375,1325.184503173828,15.54,0.49,0.13,15.35,75.11999947684151,78.2895004272461,80.00100021362304,84.07714298793248,95.32190486363002,0.0601536005493335,-0.00984639945066651,0.08457743751758856,-0.0937787494036812,,,,82.03050003051757,-1.3189006567106203,2.8447021166353443,5.093007250044583,10.447616579788587,25.219254911461253,-7.200371353841523,1.0651007323338832
2011-08-31,71.06130384362262,11326.617866847826,1185.3056534476902,15.54,0.49,0.13,13.79,75.83380962553478,79.28200035095215,80.48454596779563,84.9660876730214,98.93052633185135,-0.07082712147077075,-0.14082712147077076,0.10773272639537962,-0.056696363284846674,,,,79.67952437627883,6.716040269137935,11.568457180887041,13.260722241896616,19.567307489878914,39.218563382340534,-10.816104388321268,-5.402440200183751
2011-09-30,69.73952447800409,11175.453869047618,1173.8790573846727,15.15,0.46,0.09,13.5,76.68571435837518,80.45727261629972,81.25714365641277,87.70684252287212,102.93950004577637,-0.0749927055865337,-0.1449927055865337,0.06996990890042648,-0.07744111450285912,,,,75.64090936834162,9.96019105717007,15.368255259147947,16.515196030683217,25.763465092932986,47.60568101986928,-7.801842864685965,-10.66844738260722
2011-10-31,75.11999947684151,11515.930943080357,1207.2161865234375,15.15,0.46,0.09,13.88,78.2895004272461,80.00100021362304,84.07714298793248,88.8028578985305,105.62227283824573,-0.07390066276901519,-0.1439006627690152,0.05589009075900836,-0.0706932898595502,,,,76.12399940490722,4.219250495843916,6.497604859923191,11.92378004988183,18.214667887354327,40.6047305295944,-1.3189006567106203,-7.200371353841523
2011-11-30,75.83380962553478,11804.329985119048,1226.414771670387,15.15,0.46,0.09,14.1,79.28200035095215,80.48454596779563,84.9660876730214,86.73904818580264,111.40954520485617,-0.061658452990678514,-0.13165845299067852,0.0533834979484476,-0.003507505333792016,,,,71.06130384362262,4.5470361339413525,6.132800613903017,12.042488822045936,14.380444044836494,46.912763258226605,6.716040269137935,-10.816104388321268
2011-12-31,76.68571435837518,12075.682849702382,1243.3228469122023,15.15,0.46,0.09,14.1,80.45727261629972,81.25714365641277,87.70684252287212,88.86350059509277,113.32499961853027,-0.001787722457189389,-0.0717877224571894,-0.014872396716276215,0.058551609346857714,,,,69.73952447800409,4.918201896508291,5.96125280475831,14.371813911769706,15.88012361703664,47.77850159800142,9.96019105717007,-7.801842864685965
2012-01-31,78.2895004272461,12550.9865234375,1300.5780151367187,18.43,0.48,0.09,14.87,80.00100021362304,84.07714298793248,88.8028578985305,95.32190486363002,116.29727242209695,0.0030898321989356603,-0.06691016780106435,-0.00984639945066651,0.08457743751758856,-0.0937787494036812,,,75.11999947684151,2.186116627436437,7.392616543855452,13.428821762701629,21.75566882332073,48.54772579647666,4.219250495843916,-1.3189006567106203
2012-02-29,79.28200035095215,12889.049658203125,1352.4875,18.43,0.48,0.09,15.37,80.48454596779563,84.9660876730214,86.73904818580264,98.93052633185135,115.2963638305664,0.13794336577103228,0.06794336577103227,-0.14082712147077076,0.10773272639537962,-0.056696363284846674,,,75.83380962553478,1.5167952517850893,7.16945497957658,9.405726144447543,24.7830855603068,45.425649353184795,4.5470361339413525,6.716040269137935
2012-03-31,80.45727261629972,13079.465021306818,1389.2400013316762,18.43,0.48,0.09,15.37,81.25714365641277,87.70684252287212,88.86350059509277,102.93950004577637,114.40499954223633,0.17037439146276578,0.10037439146276578,-0.1449927055865337,0.06996990890042648,-0.07744111450285912,,,76.68571435837518,0.9941562945187407,9.010459428752405,10.4480647994151,27.943064310288353,42.19348459378324,4.918201896508291,9.96019105717007
2012-04-30,80.00100021362304,13030.753857421874,1386.4289855957031,16.77,0.49,0.09,15.7,84.07714298793248,88.8028578985305,95.32190486363002,105.62227283824573,115.38999972136125,0.13154150731094272,0.06154150731094271,-0.1439006627690152,0.05589009075900836,-0.0706932898595502,,,78.2895004272461,5.095114765346798,11.002184549448456,19.150891375228138,32.02619036787961,44.235696320346705,2.186116627436437,4.219250495843916
2012-05-31,80.48454596779563,12721.08456143466,1341.2727161754262,16.77,0.49,0.09,15.22,84.9660876730214,86.73904818580264,98.93052633185135,111.40954520485617,115.55600013732911,0.07766256767400659,0.007662567674006582,-0.13165845299067852,0.0533834979484476,-0.003507505333792016,,,79.28200035095215,5.568201511652913,7.771059826205196,22.918661144509084,38.4235244980255,43.57538922262997,1.5167952517850893,4.5470361339413525
2012-06-30,81.25714365641277,12544.904808407739,1323.4842936197917,16.77,0.49,0.09,15.22,87.70684252287212,88.86350059509277,102.93950004577637,113.32499961853027,115.97571418398903,0.03885676400626248,-0.031143235993737528,-0.0717877224571894,-0.014872396716276215,0.058551609346857714,,,80.45727261629972,7.9373930416890195,9.360847054681965,26.683631018394095,39.46466060598074,42.72679171985182,0.9941562945187407,4.918201896508291
2012-07-31,84.07714298793248,12814.094261532739,1359.7761986142114,17.69,0.5,0.1,15.55,88.8028578985305,95.32190486363002,105.62227283824573,116.29727242209695,114.4480950491769,0.020963112150898855,-0.04903688784910115,-0.06691016780106435,-0.00984639945066651,0.08457743751758856,-0.0937787494036812,,80.00100021362304,5.6206892178487875,13.374338703815733,25.625430508985797,38.32210311759643,36.1227213270122,5.095114765346798,2.186116627436437
2012-08-31,84.9660876730214,13135.12300441576,1403.4482581097147,17.69,0.5,0.1,16.14,86.73904818580264,98.93052633185135,111.40954520485617,115.2963638305664,112.86368400172184,0.01909165941152402,-0.05090834058847599,0.06794336577103227,-0.14082712147077076,0.10773272639537962,-0.056696363284846674,,80.48454596779563,2.086668412466157,16.4353085345884,31.122366883124293,35.696919780826306,32.833801217327945,5.568201511652913,1.5167952517850893
2012-09-30,87.70684252287212,13418.498355263158,1443.4194721422698,17.69,0.5,0.1,16.14,88.86350059509277,102.93950004577637,113.32499961853027,114.40499954223633,122.86809539794922,0.025921039844064353,-0.044078960155935654,0.10037439146276578,-0.1449927055865337,0.06996990890042648,-0.07744111450285912,,81.25714365641277,1.318777462452851,17.367695706218004,29.208846606212585,30.440221368591487,40.08952079868543,7.9373930416890195,0.9941562945187407
2012-10-31,88.8028578985305,13380.645321800595,1437.816662016369,16.42,0.51,0.11,16.62,95.32190486363002,105.62227283824573,116.29727242209695,115.38999972136125,125.29190463111514,0.026851206630645885,-0.04314879336935412,0.06154150731094271,-0.1439006627690152,0.05589009075900836,-0.0706932898595502,,84.07714298793248,7.341032844402856,18.94017302791508,30.961182077025722,29.93951146618526,41.08994642298382,5.6206892178487875,5.095114765346798
2012-11-30,86.73904818580264,12896.435267857143,1394.5123872302827,16.42,0.51,0.11,16.12,98.93052633185135,111.40954520485617,115.2963638305664,115.55600013732911,127.18476104736328,0.013784257590274684,-0.05621574240972532,0.007662567674006582,-0.13165845299067852,0.0533834979484476,-0.003507505333792016,,84.9660876730214,14.055351541249905,28.442203984308385,32.92325226303093,33.222582624838154,46.629186862786845,2.086668412466157,5.568201511652913
2012-12-31,88.86350059509277,13144.17490234375,1422.2854919433594,15.0,0.53,0.11,16.44,102.93950004577637,113.32499961853027,114.40499954223633,115.97571418398903,127.24142746698288,0.04776999930157877,-0.022230000698421237,-0.031143235993737528,-0.0717877224571894,-0.014872396716276215,0.058551609346857714,,87.70684252287212,15.840023582709167,27.527048630344314,28.742395669875293,30.509954489001355,43.18750287225284,1.318777462452851,7.9373930416890195
2013-01-31,95.32190486363002,13615.322823660714,1480.395240420387,15.0,0.53,0.11,17.03,105.62227283824573,116.29727242209695,115.38999972136125,114.4480950491769,128.06045497547495,0.06252713190453285,-0.007472868095467156,-0.04903688784910115,-0.06691016780106435,-0.00984639945066651,0.08457743751758856,-0.0937787494036812,88.8028578985305,10.805877189877481,22.004771713778517,21.05297296192429,20.06484261189419,34.34525375744594,7.341032844402856,5.6206892178487875
2013-02-28,98.93052633185135,13967.329975328947,1512.3115812602796,15.0,0.53,0.11,17.32,111.40954520485617,115.2963638305664,115.55600013732911,112.86368400172184,133.33285631452287,0.06335737934341501,-0.0066426206565849966,-0.05090834058847599,0.06794336577103227,-0.14082712147077076,0.10773272639537962,-0.056696363284846674,86.73904818580264,12.613921441340917,16.542757938856695,16.805201005106824,14.083779988325611,34.774231228966435,14.055351541249905,2.086668412466157
2013-03-31,102.93950004577637,14418.25810546875,1550.8289855957032,15.0,0.53,0.11,17.32,113.32499961853027,114.40499954223633,115.97571418398903,122.86809539794922,138.47714160737536,0.07450608285192017,0.004506082851920168,-0.044078960155935654,0.10037439146276578,-0.1449927055865337,0.06996990890042648,-0.07744111450285912,88.86350059509277,10.088935314563944,11.138095183444003,12.663957113076668,19.35952218857753,34.52284258792367,15.840023582709167,1.318777462452851
2013-04-30,105.62227283824573,14675.909002130682,1570.702264959162,15.67,0.58,0.11,17.69,116.29727242209695,115.38999972136125,114.4480950491769,125.29190463111514,138.0973902163298,0.09680128642373931,0.0268012864237393,-0.04314879336935412,0.06154150731094271,-0.1439006627690152,0.05589009075900836,-0.0706932898595502,95.32190486363002,10.106769431291587,9.247790850017221,8.356023756890169,18.622617431261197,30.746467109089576,10.805877189877481,7.341032844402856
2013-05-31,111.40954520485617,15172.180486505682,1639.842723499645,15.67,0.58,0.11,18.25,115.2963638305664,115.55600013732911,112.86368400172184,127.18476104736328,145.33420924136513,0.1764631211169312,0.10646312111693118,-0.05621574240972532,0.007662567674006582,-0.13165845299067852,0.0533834979484476,-0.003507505333792016,98.93052633185135,3.4887662619601225,3.72181299622808,1.3052192199437145,14.159662723243477,30.450410666455387,12.613921441340917,14.055351541249905
2013-06-30,113.32499961853027,15035.7544921875,1618.7725158691405,15.67,0.58,0.11,18.25,114.40499954223633,115.97571418398903,122.86809539794922,127.24142746698288,150.08318120783025,0.14391010496265233,0.07391010496265232,-0.022230000698421237,-0.031143235993737528,-0.0717877224571894,-0.014872396716276215,0.058551609346857714,102.93950004577637,0.9530111867121147,2.3390377889975533,8.420997848261642,12.280104032911973,32.43607475229101,10.088935314563944,15.840023582709167
2013-07-31,116.29727242209695,15390.203169389204,1668.6754427823153,15.46,0.62,0.08,18.12,115.38999972136125,114.4480950491769,125.29190463111514,128.06045497547495,148.082999420166,0.1303590350897963,0.06035903508979629,-0.007472868095467156,-0.04903688784910115,-0.06691016780106435,-0.00984639945066651,0.08457743751758856,105.62227283824573,-0.7801323984992425,-1.5900436307814059,7.734172970430883,10.114753603750856,27.331446676327754,10.106769431291587,10.805877189877481
2013-08-31,115.2963638305664,15195.347700639204,1670.0936390269887,15.46,0.62,0.08,18.12,115.55600013732911,112.86368400172184,127.18476104736328,133.33285631452287,148.6394709536904,0.0879207212458899,0.017920721245889892,-0.0066426206565849966,-0.05090834058847599,0.06794336577103227,-0.14082712147077076,0.10773272639537962,111.40954520485617,0.2251903686609312,-2.1099362963601447,10.311164048735701,15.643591770562656,28.919478477329342,3.4887662619601225,12.613921441340917
2013-09-30,114.40499954223633,15269.840966796875,1687.1735046386718,14.72,0.63,0.09,17.88,115.97571418398903,122.86809539794922,127.24142746698288,138.47714160737536,144.97454487193716,0.05906281154761173,-0.01093718845238828,0.004506082851920168,-0.044078960155935654,0.10037439146276578,-0.1449927055865337,0.06996990890042648,113.32499961853027,1.3729423084983459,7.397487775513226,11.220163433511116,21.04116267773072,26.72046278748079,0.9530111867121147,10.088935314563944
2013-10-31,115.38999972136125,15289.291397758152,1720.0265317170517,14.72,0.63,0.09,17.86,114.4480950491769,125.29190463111514,128.06045497547495,138.0973902163298,142.52142842610678,0.04179518935000326,-0.028204810649996748,0.0268012864237393,-0.04314879336935412,0.06154150731094271,-0.1439006627690152,0.05589009075900836,116.29727242209695,-0.8162792914973744,8.58125048415338,10.980548821136814,19.678820131555057,23.512807669868554,-0.7801323984992425,10.106769431291587
2013-11-30,115.55600013732911,15870.827978515625,1783.5410034179688,14.72,0.63,0.09,17.86,112.86368400172184,127.18476104736328,133.33285631452287,145.33420924136513,145.10149917602538,0.04604792914448441,-0.023952070855515595,0.10646312111693118,-0.05621574240972532,0.007662567674006582,-0.13165845299067852,0.0533834979484476,115.2963638305664,-2.329879999660483,10.063312070523658,15.38375865906347,25.769504888233403,25.56812195263232,0.2251903686609312,3.4887662619601225
2013-12-31,115.97571418398903,16095.774739583334,1807.7752336774554,15.03,0.62,0.1,18.04,122.86809539794922,127.24142746698288,138.47714160737536,150.08318120783025,140.49409068714488,0.07049997045021028,0.0004999704502102742,0.07391010496265232,-0.022230000698421237,-0.031143235993737528,-0.0717877224571894,-0.014872396716276215,114.40499954223633,5.942952162403426,9.713855493160775,19.401844241018484,29.409145926647735,21.14095754931831,1.3729423084983459,0.9530111867121147
2014-01-31,114.4480950491769,16243.722330729166,1822.3566603887648,15.03,0.62,0.1,18.15,125.29190463111514,128.06045497547495,138.0973902163298,148.082999420166,141.1613637750799,0.055458602589314454,-0.014541397410685553,0.06035903508979629,-0.007472868095467156,-0.04903688784910115,-0.06691016780106435,-0.00984639945066651,115.38999972136125,9.474871187046666,11.893915683305165,20.663773527196856,29.388784808114643,23.340946578817807,-0.8162792914973744,-0.7801323984992425
2014-02-28,112.86368400172184,15958.443205180922,1817.0347386410363,15.03,0.62,0.1,18.06,127.18476104736328,133.33285631452287,145.33420924136513,148.6394709536904,139.06857263474237,0.05021902226756003,-0.019780977732439975,0.017920721245889892,-0.0066426206565849966,-0.05090834058847599,0.06794336577103227,-0.14082712147077076,115.55600013732911,12.688826501023096,18.13619012515023,28.76968400140822,31.698227174139348,23.21817585949148,-2.329879999660483,0.2251903686609312
2014-03-31,122.86809539794922,16308.627697172618,1863.5233386811756,15.98,0.64,0.1,18.48,127.24142746698288,138.47714160737536,150.08318120783025,144.97454487193716,130.5709511893136,0.06802865417095738,-0.0019713458290426256,-0.01093718845238828,0.004506082851920168,-0.044078960155935654,0.10037439146276578,-0.1449927055865337,115.97571418398903,3.5593715804490778,12.703905077124414,22.1498394043921,17.992017701901247,6.269207450816359,5.942952162403426,1.3729423084983459
2014-04-30,125.29190463111514,16399.502278645832,1864.2633347284227,15.98,0.64,0.1,18.35,128.06045497547495,138.0973902163298,148.082999420166,142.52142842610678,133.99499997225675,0.07261362557655682,0.0026136255765568106,-0.028204810649996748,0.0268012864237393,-0.04314879336935412,0.06154150731094271,-0.1439006627690152,114.4480950491769,2.2096801485387143,10.22052112857301,18.19039694236629,13.751506009681039,6.94625512060439,9.474871187046666,-0.8162792914973744
2014-05-31,127.18476104736328,16567.254789806546,1889.7671421595983,15.98,0.64,0.1,18.35,133.33285631452287,145.33420924136513,148.6394709536904,145.10149917602538,135.31750106811523,0.04388093754362887,-0.026119062456371134,-0.023952070855515595,0.10646312111693118,-0.05621574240972532,0.007662567674006582,-0.13165845299067852,112.86368400172184,4.833987355505629,14.270143722047832,16.868931253750937,14.087173637091599,6.394429610732486,12.688826501023096,-2.329879999660483
2014-06-30,127.24142746698288,16843.754743303572,1947.087611607143,14.77,0.63,0.11,18.88,138.47714160737536,150.08318120783025,144.97454487193716,140.49409068714488,133.397272976962,0.046470580995444655,-0.023529419004555352,0.0004999704502102742,0.07391010496265232,-0.022230000698421237,-0.031143235993737528,-0.0717877224571894,122.86809539794922,8.830232703344956,17.951506986020284,13.936591059979841,10.415368236575974,4.837925534572032,3.5593715804490778,5.942952162403426
2014-07-31,128.06045497547495,16988.264115767044,1973.0999866832387,14.77,0.63,0.11,18.96,138.0973902163298,148.082999420166,142.52142842610678,141.1613637750799,127.63158015200966,0.045835663149042194,-0.024164336850957813,-0.014541397410685553,0.06035903508979629,-0.007472868095467156,-0.04903688784910115,-0.06691016780106435,125.29190463111514,7.83765389774466,15.635228258813852,11.292302103253709,10.230253205108419,-0.3349002809239021,2.2096801485387143,9.474871187046666
2014-08-31,133.33285631452287,16775.154203869046,1961.5319068545386,14.77,0.63,0.11,18.96,145.33420924136513,148.6394709536904,145.10149917602538,139.06857263474237,129.08650016784668,0.051177360359497825,-0.01882263964050218,-0.019780977732439975,0.017920721245889892,-0.0066426206565849966,-0.05090834058847599,0.06794336577103227,127.18476104736328,9.001046897646823,11.480002050702558,8.826513724224965,4.301802630470424,-3.184778504001545,4.833987355505629,12.688826501023096
2014-09-30,138.47714160737536,17098.126767113095,1993.2261904761904,16.46,0.7,0.12,18.81,150.08318120783025,144.97454487193716,140.49409068714488,130.5709511893136,140.03727236661044,0.048409902083750955,-0.02159009791624905,-0.0019713458290426256,-0.01093718845238828,0.004506082851920168,-0.044078960155935654,0.10037439146276578,127.24142746698288,8.38119523968911,4.692040281264545,1.4565213120069875,-5.7093830261735175,1.1266341441813714,8.830232703344956,3.5593715804490778
2014-10-31,138.0973902163298,16701.870626698368,1937.2743503736413,16.46,0.7,0.12,18.5,148.082999420166,142.52142842610678,141.1613637750799,133.99499997225675,144.10095142182848,0.018437653955282407,-0.0515623460447176,0.0026136255765568106,-0.028204810649996748,0.0268012864237393,-0.04314879336935412,0.06154150731094271,128.06045497547495,7.230845701134333,3.203563950663154,2.21870489655914,-2.970650088062245,4.347338639849805,7.83765389774466,2.2096801485387143
2014-11-30,145.33420924136513,17648.97738486842,2044.5721050061677,16.46,0.7,0.12,18.5,148.6394709536904,145.10149917602538,139.06857263474237,135.31750106811523,142.96285720098587,0.06529280854227171,-0.004707191457728299,-0.026119062456371134,-0.023952070855515595,0.10646312111693118,-0.05621574240972532,0.007662567674006582,133.33285631452287,2.274248939446884,-0.16012063956206607,-4.311191865513955,-6.892188855973032,-1.631654414165504,9.001046897646823,4.833987355505629
2014-12-31,150.08318120783025,17754.240500710228,2054.2663629705257,18.63,0.76,0.12,20.08,144.97454487193716,140.49409068714488,130.5709511893136,133.397272976962,141.85999991677025,0.0540547978335193,-0.01594520216648071,-0.023529419004555352,0.0004999704502102742,0.07391010496265232,-0.022230000698421237,-0.031143235993737528,138.47714160737536,-3.4038699704924458,-6.389183946871914,-13.000943784298357,-11.117773555027565,-5.479082482715242,8.38119523968911,8.830232703344956
2015-01-31,148.082999420166,17542.2548828125,2028.1785095214843,18.63,0.76,0.12,20.08,142.52142842610678,141.1613637750799,133.99499997225675,127.63158015200966,144.52299957275392,0.03261020450766883,-0.03738979549233118,-0.024164336850957813,-0.014541397410685553,0.06035903508979629,-0.007472868095467156,-0.04903688784910115,138.0973902163298,-3.7557120100457984,-4.674159540385098,-9.513583262813587,-13.810781351158438,-2.4040570905179033,7.230845701134333,7.83765389774466
2015-02-28,148.6394709536904,17945.412006578947,2082.1957943564967,18.63,0.76,0.12,20.08,145.10149917602538,139.06857263474237,135.31750106811523,129.08650016784668,147.3230438232422,0.06976137378456948,-0.0002386262154305263,-0.01882263964050218,-0.019780977732439975,0.017920721245889892,-0.0066426206565849966,-0.05090834058847599,145.33420924136513,-2.380237062850745,-6.439001873149765,-8.9626058274425,-13.154628888537667,-0.8856511140693887,2.274248939446884,9.001046897646823
2015-03-31,144.97454487193716,17931.745028409092,2079.9904396750712,17.49,0.72,0.12,20.96,140.49409068714488,130.5709511893136,133.397272976962,140.03727236661044,146.720951625279,0.04875494682256054,-0.021245053177439466,-0.02159009791624905,-0.0019713458290426256,-0.01093718845238828,0.004506082851920168,-0.044078960155935654,150.08318120783025,-3.0905109505603727,-9.935257044846683,-7.985727360069939,-3.4056133852243113,1.204629926505058,-3.4038699704924458,8.38119523968911
2015-04-30,142.52142842610678,17970.513206845237,2094.862839471726,17.49,0.72,0.12,21.42,141.1613637750799,133.99499997225675,127.63158015200966,144.10095142182848,144.09142848423548,0.07595811322588686,0.005958113225886852,-0.0515623460447176,0.0026136255765568106,-0.028204810649996748,0.0268012864237393,-0.04314879336935412,148.082999420166,-0.9542878330973427,-5.982558937283411,-10.447445298948201,1.1082705338872183,1.1015887754329503,-3.7557120100457984,7.230845701134333
2015-05-31,145.10149917602538,18124.7130859375,2111.9435180664063,17.49,0.72,0.12,21.42,139.06857263474237,135.31750106811523,129.08650016784668,142.96285720098587,153.65380932035902,0.026955425841100444,-0.04304457415889956,-0.004707191457728299,-0.026119062456371134,-0.023952070855515595,0.10646312111693118,-0.05621574240972532,148.6394709536904,-4.157728607589616,-6.742864934869486,-11.037100994215509,-1.4738937827548508,5.894019147216847,-2.380237062850745,2.274248939446884
2015-06-30,140.49409068714488,17927.21892755682,2099.2836581143465,18.67,0.68,0.12,22.12,130.5709511893136,133.397272976962,140.03727236661044,141.85999991677025,164.1309516543434,0.00974293588282027,-0.06025706411717974,-0.01594520216648071,-0.023529419004555352,0.0004999704502102742,0.07391010496265232,-0.022230000698421237,144.97454487193716,-7.063029803814541,-5.051328262614415,-0.325151270277759,0.9722182783238961,16.824096196211954,-3.0905109505603727,-3.4038699704924458
2015-07-31,141.1613637750799,17795.0166015625,2094.1436268199573,18.67,0.68,0.12,22.4,133.99499997225675,127.63158015200966,144.10095142182848,144.52299957275392,162.27200088500976,0.01440873596003045,-0.05559126403996956,-0.03738979549233118,-0.024164336850957813,-0.014541397410685553,0.06035903508979629,-0.007472868095467156,142.52142842610678,-5.076717602588279,-9.584622350792802,2.082430750267037,2.3814135169665045,14.954968233068774,-0.9542878330973427,-3.7557120100457984
2015-08-31,139.06857263474237,17061.593238467263,2039.8662051246279,18.67,0.68,0.12,22.15,135.31750106811523,129.08650016784668,142.96285720098587,147.3230438232422,166.58736781070107,-0.04925040270948744,-0.11925040270948745,-0.0002386262154305263,-0.01882263964050218,-0.019780977732439975,0.017920721245889892,-0.0066426206565849966,145.10149917602538,-2.6972819923011366,-7.177806083559347,2.8002621242627335,5.935540310879464,19.787932423981683,-4.157728607589616,-2.380237062850745
2015-09-30,130.5709511893136,16339.949869791666,1944.4023844401042,14.11,0.65,0.12,21.45,133.397272976962,140.03727236661044,141.85999991677025,146.720951625279,172.2752168074898,-0.08876967389930879,-0.1587696738993088,-0.021245053177439466,-0.02159009791624905,-0.0019713458290426256,-0.01093718845238828,0.004506082851920168,140.49409068714488,2.1645869635662978,7.249944257181448,8.645911379697893,12.36875452683934,31.939926329945767,-7.063029803814541,-3.0905109505603727
2015-10-31,133.99499997225675,17182.28204900568,2024.8127163973722,14.11,0.65,0.12,21.45,127.63158015200966,144.10095142182848,144.52299957275392,144.09142848423548,165.48157942922492,-0.04386247341780469,-0.1138624734178047,0.005958113225886852,-0.0515623460447176,0.0026136255765568106,-0.028204810649996748,0.0268012864237393,141.1613637750799,-4.748997963778212,7.542036233937191,7.8570092933892735,7.534929298906051,23.498324163951917,-5.076717602588279,-0.9542878330973427
2015-11-30,135.31750106811523,17724.513671875,2080.61650390625,14.11,0.65,0.12,23.67,129.08650016784668,142.96285720098587,147.3230438232422,153.65380932035902,164.5613646073775,-0.022080317198124533,-0.09208031719812454,-0.04304457415889956,-0.004707191457728299,-0.026119062456371134,-0.023952070855515595,0.10646312111693118,139.06857263474237,-4.60472655132172,5.649938901119791,8.87212863108053,13.550581489835356,21.61129440643578,-2.6972819923011366,-4.157728607589616
2015-12-31,133.397272976962,17542.854936079544,2054.0795621004972,13.51,0.64,0.16,23.74,140.03727236661044,141.85999991677025,146.720951625279,164.1309516543434,168.82500110973012,-0.021440246422519627,-0.09144024642251963,-0.06025706411717974,-0.01594520216648071,-0.023529419004555352,0.0004999704502102742,0.07391010496265232,130.5709511893136,4.977612541446166,6.344002955195179,9.987969282264144,23.03921061616392,26.558060252765863,2.1645869635662978,-7.063029803814541
2016-01-31,127.63158015200966,16305.252107319078,1918.5978875411183,13.51,0.64,0.16,23.74,144.10095142182848,144.52299957275392,144.09142848423548,162.27200088500976,171.36250076293945,-0.08371807273911802,-0.15371807273911803,-0.05559126403996956,-0.03738979549233118,-0.024164336850957813,-0.014541397410685553,0.06035903508979629,133.99499997225675,12.90383716177747,13.234514060412412,12.896375891156467,27.140947947007497,34.26340139238746,-4.748997963778212,-5.076717602588279
2016-02-29,129.08650016784668,16299.8984375,1904.4184936523438,13.51,0.64,0.16,22.02,142.96285720098587,147.3230438232422,153.65380932035902,166.58736781070107,178.30130270253056,-0.044643826067189196,-0.1146438260671892,-0.11925040270948745,-0.0002386262154305263,-0.01882263964050218,-0.019780977732439975,0.017920721245889892,135.31750106811523,10.749657799302206,14.127382516129236,19.031664132630695,29.050960088075296,38.125444930873165,-4.60472655132172,-2.6972819923011366
2016-03-31,140.03727236661044,17302.14275568182,2021.9540904651988,14.27,0.68,0.13,23.39,141.85999991677025,146.720951625279,164.1309516543434,172.2752168074898,180.26850128173828,0.05888591418930855,-0.011114085810691454,-0.1587696738993088,-0.021245053177439466,-0.02159009791624905,-0.0019713458290426256,-0.01093718845238828,133.397272976962,1.301601723138397,4.772785948851563,17.20519036150385,23.020974270679936,28.72894354140556,4.977612541446166,2.1645869635662978
2016-04-30,144.10095142182848,17844.365885416668,2075.5352318173364,14.27,0.68,0.13,23.39,144.52299957275392,144.09142848423548,162.27200088500976,165.48157942922492,187.60954631458628,0.03853293960154147,-0.031467060398458535,-0.1138624734178047,0.005958113225886852,-0.0515623460447176,0.0026136255765568106,-0.028204810649996748,127.63158015200966,0.29288366715218095,-0.0066085181943927535,12.609944128674725,14.837256656834045,30.193135065010466,12.90383716177747,-4.748997963778212
2016-05-31,142.96285720098587,17692.32003348214,2065.5504789806546,14.27,0.68,0.13,23.81,147.3230438232422,153.65380932035902,166.58736781070107,164.5613646073775,185.0038088843936,-0.0018163340889822965,-0.0718163340889823,-0.09208031719812454,-0.04304457415889956,-0.004707191457728299,-0.026119062456371134,-0.023952070855515595,129.08650016784668,3.0498737277798713,7.478132662348208,16.52492897263688,15.107775424512635,29.406905056677772,10.749657799302206,-4.60472655132172
2016-06-30,141.85999991677025,17754.867808948864,2083.891368519176,14.0,0.69,0.14,23.97,146.720951625279,164.1309516543434,172.2752168074898,168.82500110973012,197.49400024414064,0.012085425869496458,-0.05791457413050355,-0.09144024642251963,-0.06025706411717974,-0.01594520216648071,-0.023529419004555352,0.0004999704502102742,140.03727236661044,3.426583752545257,15.699246969293378,21.44030516605405,19.00817792808426,39.21753867193786,1.301601723138397,4.977612541446166
2016-07-31,144.52299957275392,18341.182421875,2148.9019775390625,14.0,0.69,0.14,23.97,144.09142848423548,162.27200088500976,165.48157942922492,171.36250076293945,209.61476353236608,0.12486346737576892,0.054863467375768915,-0.15371807273911803,-0.05559126403996956,-0.03738979549233118,-0.024164336850957813,-0.014541397410685553,144.10095142182848,-0.2986175832180834,12.281091151392044,14.501899295219308,18.57109336889616,45.03903472252837,0.29288366715218095,12.90383716177747
2016-08-31,147.3230438232422,18495.1875,2177.482167119565,14.0,0.69,0.14,24.57,153.65380932035902,166.58736781070107,164.5613646073775,178.30130270253056,202.7563147293894,0.13468114975793077,0.06468114975793077,-0.1146438260671892,-0.11925040270948745,-0.0002386262154305263,-0.01882263964050218,-0.019780977732439975,142.96285720098587,4.297199767819395,13.076246246019846,11.701034907219135,21.027436085597046,37.627019824988075,3.0498737277798713,10.749657799302206
2016-09-30,146.720951625279,18267.402994791668,2157.690964471726,15.3,0.68,0.15,24.22,164.1309516543434,172.2752168074898,168.82500110973012,180.26850128173828,203.39095415387834,0.055788479654802714,-0.014211520345197293,-0.011114085810691454,-0.1587696738993088,-0.021245053177439466,-0.02159009791624905,-0.0019713458290426256,141.85999991677025,11.866062642184195,17.416916193043537,15.0653667656847,22.8648664589763,38.62434226390028,3.426583752545257,1.301601723138397
2016-10-31,144.09142848423548,18184.546409970237,2143.0209379650296,15.3,0.68,0.15,23.57,162.27200088500976,165.48157942922492,171.36250076293945,187.60954631458628,197.68619210379464,0.01906374968648117,-0.05093625031351884,-0.031467060398458535,-0.1138624734178047,0.005958113225886852,-0.0515623460447176,0.0026136255765568106,144.52299957275392,12.617386469149587,14.844846199390451,18.92622799675249,30.201739470652804,37.19497001545985,-0.2986175832180834,0.29288366715218095
2016-11-30,153.65380932035902,18697.326636904763,2164.9856887090773,15.3,0.68,0.15,23.35,166.58736781070107,164.5613646073775,178.30130270253056,185.0038088843936,196.0786361694336,0.056804681439216465,-0.013195318560783542,-0.0718163340889823,-0.09208031719812454,-0.04304457415889956,-0.004707191457728299,-0.026119062456371134,147.3230438232422,8.417336704862523,7.098786118785302,16.04092569601252,20.40300836191553,27.610657384107768,4.297199767819395,3.0498737277798713
2016-12-31,164.1309516543434,19712.423735119046,2246.6290457589284,15.3,0.68,0.15,23.35,172.2752168074898,168.82500110973012,180.26850128173828,197.49400024414064,190.9442865280878,0.11025460438424273,0.04025460438424272,-0.05791457413050355,-0.09144024642251963,-0.06025706411717974,-0.01594520216648071,-0.023529419004555352,146.720951625279,4.962053208768378,2.8599416551683134,9.832118479018057,20.32709141908784,16.33654993374605,11.866062642184195,3.426583752545257
2017-01-31,162.27200088500976,19908.1525390625,2275.1159790039064,16.68,0.74,0.11,23.59,165.48157942922492,171.36250076293945,187.60954631458628,209.61476353236608,193.461430140904,0.0854345200404647,0.015434520040464694,0.054863467375768915,-0.15371807273911803,-0.05559126403996956,-0.03738979549233118,-0.024164336850957813,144.09142848423548,1.9779003936049047,5.602013796804943,15.614243548726177,29.174942312386136,19.220462609563747,12.617386469149587,-0.2986175832180834
2017-02-28,166.58736781070107,20424.14412006579,2329.9105417351975,16.68,0.74,0.11,23.68,164.5613646073775,178.30130270253056,185.0038088843936,202.7563147293894,206.84000164529553,0.10429505621750468,0.03429505621750467,0.06468114975793077,-0.1146438260671892,-0.11925040270948745,-0.0002386262154305263,-0.01882263964050218,153.65380932035902,-1.2161805723623569,7.031706572817958,11.055124596613936,21.711698428291605,24.163076926898146,8.417336704862523,4.297199767819395
2017-03-31,172.2752168074898,20823.057999320652,2366.822170091712,18.22,0.74,0.12,23.6,168.82500110973012,180.26850128173828,197.49400024414064,203.39095415387834,216.11210471705385,0.13990248122612958,0.06990248122612958,-0.014211520345197293,-0.011114085810691454,-0.1587696738993088,-0.021245053177439466,-0.02159009791624905,164.1309516543434,-2.002734787798965,4.63983422710222,14.638660106770748,18.0616445725673,25.44584689656777,4.962053208768378,11.866062642184195
2017-04-30,165.48157942922492,20684.693667763157,2359.309454666941,18.22,0.74,0.12,23.6,171.36250076293945,187.60954631458628,209.61476353236608,197.68619210379464,209.51565220045006,0.13748746883354412,0.06748746883354412,-0.05093625031351884,-0.031467060398458535,-0.1138624734178047,0.005958113225886852,-0.0515623460447176,162.27200088500976,3.5538223372044535,13.37186106253313,26.669544885517936,19.461146543107148,26.60965221815407,1.9779003936049047,12.617386469149587
2017-05-31,164.5613646073775,20936.811257102272,2395.345880681818,18.22,0.74,0.12,23.31,178.30130270253056,185.0038088843936,202.7563147293894,196.0786361694336,215.18143063499815,0.11977565903872134,0.04977565903872133,-0.013195318560783542,-0.0718163340889823,-0.09208031719812454,-0.04304457415889956,-0.004707191457728299,166.58736781070107,8.349431306634344,12.422383787220761,23.210156413773184,19.15229108439414,30.760601766030376,-1.2161805723623569,8.417336704862523
2017-06-30,168.82500110973012,21317.795365767044,2433.98545143821,19.14,0.73,0.13,23.4,180.26850128173828,197.49400024414064,203.39095415387834,190.9442865280878,201.11631533974096,0.08143958613206537,0.01143958613206536,0.04025460438424272,-0.05791457413050355,-0.09144024642251963,-0.06025706411717974,-0.01594520216648071,172.2752168074898,6.778320803664794,16.981489083940062,20.474427849511223,13.101901538849054,19.127092561973484,-2.002734787798965,4.962053208768378
2017-07-31,171.36250076293945,21581.2509765625,2454.102502441406,19.14,0.73,0.13,23.36,187.60954631458628,209.61476353236608,197.68619210379464,193.461430140904,199.36428542364212,0.0840408688961547,0.01404086889615469,0.015434520040464694,0.054863467375768915,-0.15371807273911803,-0.05559126403996956,-0.03738979549233118,165.48157942922492,9.481097369209602,22.322423283460537,15.36140708944895,12.896012417871939,16.340672280127354,3.5538223372044535,1.9779003936049047
2017-08-31,178.30130270253056,21914.076936141304,2456.2230702275815,19.14,0.73,0.13,23.16,185.0038088843936,202.7563147293894,196.0786361694336,206.84000164529553,204.42894704718339,0.07294958394911255,0.002949583949112544,0.03429505621750467,0.06468114975793077,-0.1146438260671892,-0.11925040270948745,-0.0002386262154305263,164.5613646073775,3.759089855358593,13.715554320799564,9.970388997416295,16.005883585930707,14.653647476845947,8.349431306634344,-1.2161805723623569
2017-09-30,180.26850128173828,22173.41396484375,2492.8410400390626,19.14,0.73,0.13,23.16,197.49400024414064,203.39095415387834,190.9442865280878,216.11210471705385,202.01523771740142,0.0648490709465992,-0.00515092905340081,0.06990248122612958,-0.014211520345197293,-0.011114085810691454,-0.1587696738993088,-0.021245053177439466,168.82500110973012,9.555468004629907,12.826673937895789,5.922157875859034,19.88345339338916,12.063525397415695,6.778320803664794,-2.002734787798965
2017-10-31,187.60954631458628,23036.237393465908,2556.9972700639205,24.18,0.79,0.14,23.67,209.61476353236608,197.68619210379464,193.461430140904,209.51565220045006,208.90143040248327,0.11368520914417046,0.043685209144170456,0.06748746883354412,-0.05093625031351884,-0.031467060398458535,-0.1138624734178047,0.005958113225886852,171.36250076293945,11.729263062595518,5.37107305419933,3.1191823344134164,11.676434550473951,11.34904087033741,9.481097369209602,3.5538223372044535
2017-11-30,185.0038088843936,23557.92940848214,2593.605736142113,24.18,0.79,0.14,23.81,202.7563147293894,196.0786361694336,206.84000164529553,215.18143063499815,205.78818234530362,0.12519185081208217,0.055191850812082166,0.04977565903872133,-0.013195318560783542,-0.0718163340889823,-0.09208031719812454,-0.04304457415889956,178.30130270253056,9.595751542655588,5.986269878346395,11.803104429351,16.31189213485985,11.234565161789666,3.759089855358593,8.349431306634344
2017-12-31,197.49400024414064,24545.3841796875,2664.34052734375,24.18,0.79,0.14,23.81,203.39095415387834,190.9442865280878,216.11210471705385,201.11631533974096,206.08250122070314,0.15140349921471907,0.08140349921471907,0.01143958613206536,0.04025460438424272,-0.05791457413050355,-0.09144024642251963,-0.06025706411717974,180.26850128173828,2.9858901548644177,-3.316411489947108,9.4271747242436,1.8341393111296793,4.348740197649274,9.555468004629907,6.778320803664794
2018-01-31,209.61476353236608,25804.017764136905,2789.8038155691966,10.88,0.76,0.15,24.97,197.68619210379464,193.461430140904,209.51565220045006,199.36428542364212,210.79499886252663,0.19566830450006734,0.12566830450006733,0.01404086889615469,0.015434520040464694,0.054863467375768915,-0.15371807273911803,-0.05559126403996956,187.60954631458628,-5.690711487852612,-7.706200230962203,-0.04728261036857601,-4.890150834791376,0.56304971571256,11.729263062595518,9.481097369209602
2018-02-28,202.7563147293894,24981.545230263157,2705.1552477384867,10.88,0.76,0.15,23.82,196.0786361694336,206.84000164529553,215.18143063499815,204.42894704718339,199.65227300470525,0.13997707058620845,0.06997707058620845,0.002949583949112544,0.03429505621750467,0.06468114975793077,-0.1146438260671892,-0.11925040270948745,185.0038088843936,-3.293450351407419,2.0140861809194246,6.128103049314171,0.8249470898237511,-1.5309223433198564,9.595751542655588,3.759089855358593
2018-03-31,203.39095415387834,24582.170386904763,2702.7738211495534,10.88,0.76,0.15,23.82,190.9442865280878,216.11210471705385,201.11631533974096,202.01523771740142,207.8219985961914,0.10863263662871803,0.03863263662871802,-0.00515092905340081,0.06990248122612958,-0.014211520345197293,-0.011114085810691454,-0.1587696738993088,197.49400024414064,-6.119577774522779,6.254531139841718,-1.1183579051487536,-0.6763901778228067,2.178584815016255,2.9858901548644177,9.555468004629907
2018-04-30,197.68619210379464,24304.212890625,2653.6252092633927,12.38,0.76,0.14,22.53,193.461430140904,209.51565220045006,199.36428542364212,208.90143040248327,208.98347871199897,0.05504264761218103,-0.014957352387818978,0.043685209144170456,0.06748746883354412,-0.05093625031351884,-0.031467060398458535,-0.1138624734178047,209.61476353236608,-2.1371052362991665,5.983958702813394,0.8488672385203304,5.6732532400644855,5.7147575599375795,-5.690711487852612,11.729263062595518
2018-05-31,196.0786361694336,24572.5322265625,2701.4936190518465,12.38,0.76,0.14,22.49,206.84000164529553,215.18143063499815,204.42894704718339,205.78818234530362,219.5280014038086,0.04306842084835538,-0.026931579151644625,0.055191850812082166,0.04977565903872133,-0.013195318560783542,-0.0718163340889823,-0.09208031719812454,202.7563147293894,5.48829066036696,9.742415001835097,4.258654099641024,4.951863377650134,11.95916377861388,-3.293450351407419,9.595751542655588
2018-06-30,190.9442865280878,24790.108351934523,2754.3528878348216,12.38,0.76,0.14,22.49,216.11210471705385,201.11631533974096,202.01523771740142,206.08250122070314,223.89285714285714,0.009970272636822042,-0.060029727363177965,0.08140349921471907,0.01143958613206536,0.04025460438424272,-0.05791457413050355,-0.09144024642251963,203.39095415387834,13.18071289096356,5.32722345172495,5.7980007627434835,7.928079424564781,17.255593877077143,-6.119577774522779,2.9858901548644177
2018-07-31,193.461430140904,24978.231305803572,2793.643357049851,9.7,0.7,0.14,22.33,209.51565220045006,199.36428542364212,208.90143040248327,210.79499886252663,227.15904671805245,-0.03200224344446978,-0.10200224344446979,0.12566830450006733,0.01404086889615469,0.015434520040464694,0.054863467375768915,-0.15371807273911803,197.68619210379464,8.298409687064371,3.0511793893174817,7.980919116711699,8.959702566551913,17.418260866057594,-2.1371052362991665,-5.690711487852612
2018-08-31,206.84000164529553,25629.98828125,2857.8204292629075,9.7,0.7,0.14,22.37,215.18143063499815,204.42894704718339,205.78818234530362,199.65227300470525,223.82421152215255,0.025956883171554423,-0.04404311682844558,0.06997707058620845,0.002949583949112544,0.03429505621750467,0.06468114975793077,-0.1146438260671892,196.0786361694336,4.0327929430242015,-1.1656616606718069,-0.5085183192928234,-3.4750186537497356,8.211279124810101,5.48829066036696,-3.293450351407419
2018-09-30,216.11210471705385,26232.66796875,2901.5005139802633,9.7,0.7,0.14,22.37,201.11631533974096,202.01523771740142,206.08250122070314,207.8219985961914,188.8649999445135,0.06714206092739783,-0.002857939072602178,0.03863263662871802,-0.00515092905340081,0.06990248122612958,-0.014211520345197293,-0.011114085810691454,190.9442865280878,-6.938893773186014,-6.522941886160817,-4.640926295860215,-3.836021185262307,-12.607856838104373,13.18071289096356,-6.119577774522779
2018-10-31,209.51565220045006,25609.34188179348,2785.4647800611415,8.52,0.77,0.13,21.25,199.36428542364212,208.90143040248327,210.79499886252663,208.98347871199897,186.72904822939918,0.0536997020657235,-0.01630029793427651,-0.014957352387818978,0.043685209144170456,0.06748746883354412,-0.05093625031351884,-0.031467060398458535,193.461430140904,-4.845159142141716,-0.2931627262764822,0.6106210436500336,-0.254001781185277,-10.875848048455222,8.298409687064371,-2.1371052362991665
2018-11-30,215.18143063499815,25258.675316220237,2723.231422061012,8.52,0.77,0.13,20.67,204.42894704718339,205.78818234530362,199.65227300470525,219.5280014038086,176.40850067138672,0.02792317386467924,-0.042076826135320766,-0.026931579151644625,0.055191850812082166,0.04977565903872133,-0.013195318560783542,-0.0718163340889823,206.84000164529553,-4.996938423582509,-4.365269002058007,-7.216774042475003,2.019956255511339,-18.018715578380963,4.0327929430242015,5.48829066036696
2018-12-31,201.11631533974096,23805.545230263157,2567.3073858963817,126.04,0.79,0.15,19.39,202.01523771740142,206.08250122070314,207.8219985961914,223.89285714285714,184.33954620361328,-0.039715966856374574,-0.10971596685637458,-0.060029727363177965,0.08140349921471907,0.01143958613206536,0.04025460438424272,-0.05791457413050355,216.11210471705385,0.4469664115225693,2.4693102956728863,3.3342313601572764,11.325059214932567,-8.341824037392039,-6.938893773186014,13.18071289096356
2019-01-31,199.36428542364212,24157.795107886905,2607.3899972098216,126.04,0.79,0.15,19.6,208.90143040248327,210.79499886252663,208.98347871199897,227.15904671805245,188.41500022194603,-0.03284604854011597,-0.10284604854011598,-0.10200224344446979,0.12566830450006733,0.01404086889615469,0.015434520040464694,0.054863467375768915,209.51565220045006,4.783778076687636,5.733581325559212,4.824933045513345,13.941695341945245,-5.492099639827283,-4.845159142141716,8.298409687064371
2019-02-28,204.42894704718339,25605.526829769737,2754.8642064144738,126.04,0.79,0.15,20.6,205.78818234530362,199.65227300470525,219.5280014038086,223.82421152215255,209.95190502348402,-0.0009544074391231172,-0.07095440743912312,-0.04404311682844558,0.06997707058620845,0.002949583949112544,0.03429505621750467,0.06468114975793077,215.18143063499815,0.6648937529412212,-2.336593770830141,7.385966896919081,9.48753332398304,2.7016516281453526,-4.996938423582509,4.0327929430242015
2019-03-31,202.01523771740142,25722.621186755954,2803.9837937127977,126.04,0.79,0.15,20.6,206.08250122070314,207.8219985961914,223.89285714285714,188.8649999445135,216.07000078473772,-0.019443191314038155,-0.08944319131403816,-0.002857939072602178,0.03863263662871802,-0.00515092905340081,0.06990248122612958,-0.014211520345197293,201.11631533974096,2.0133449086605046,2.87441726891565,10.829687736753929,-6.50952765814812,6.957278681619783,0.4469664115225693,-6.938893773186014
2019-04-30,208.90143040248327,26401.57738095238,2903.799979073661,18.45,0.74,0.15,21.56,210.79499886252663,208.98347871199897,227.15904671805245,186.72904822939918,210.27999877929688,0.03093541032079883,-0.03906458967920118,-0.01630029793427651,-0.014957352387818978,0.043685209144170456,0.06748746883354412,-0.05093625031351884,199.36428542364212,0.9064411174184307,0.03927608794138895,8.739823504507774,-10.613801030641731,0.6599133257046461,4.783778076687636,-4.845159142141716
2019-05-31,205.78818234530362,25744.788529829544,2854.705910422585,18.45,0.74,0.15,21.15,199.65227300470525,219.5280014038086,223.82421152215255,176.40850067138672,223.64100036621093,0.01924539618659815,-0.050754603813401855,-0.042076826135320766,-0.026931579151644625,0.055191850812082166,0.04977565903872133,-0.013195318560783542,204.42894704718339,-2.9816626351762925,6.676680313668422,8.764365850020122,-14.276661244142327,8.67533685241024,0.6648937529412212,-4.996938423582509
2019-06-30,206.08250122070314,26160.10087890625,2890.165979003906,18.45,0.74,0.15,21.15,207.8219985961914,223.89285714285714,188.8649999445135,184.33954620361328,227.00181926380503,0.09890786477975011,0.028907864779750103,-0.10971596685637458,-0.060029727363177965,0.08140349921471907,0.01143958613206536,0.04025460438424272,202.01523771740142,0.8440781556825937,8.642342662116704,-8.354664357334556,-10.550607105551544,10.150943393635565,2.0133449086605046,0.4469664115225693
2019-07-31,210.79499886252663,27089.18670099432,2996.1136363636365,18.13,0.76,0.16,22.28,208.98347871199897,227.15904671805245,186.72904822939918,188.41500022194603,232.09105240671258,0.12134350755174639,0.05134350755174638,-0.10284604854011598,-0.10200224344446979,0.12566830450006733,0.01404086889615469,0.015434520040464694,208.90143040248327,-0.8593752984192324,7.763015225137246,-11.416755977603835,-10.616949529801737,10.10273187651597,0.9064411174184307,4.783778076687636
2019-08-31,199.65227300470525,26057.728071732956,2897.450450550426,18.13,0.76,0.16,22.28,219.5280014038086,223.82421152215255,176.40850067138672,209.95190502348402,240.19315860145971,0.017660298300813615,-0.05233970169918639,-0.07095440743912312,-0.04404311682844558,0.06997707058620845,0.002949583949112544,0.03429505621750467,205.78818234530362,9.955172610849726,12.10701894532282,-11.642127576864974,5.158785253867874,20.305747080474777,-2.9816626351762925,0.6648937529412212
2019-09-30,207.8219985961914,26900.21396484375,2982.156005859375,18.93,0.72,0.16,22.44,223.89285714285714,188.8649999445135,184.33954620361328,216.07000078473772,253.91391190238622,0.04578043464303372,-0.02421956535696629,-0.08944319131403816,-0.002857939072602178,0.03863263662871802,-0.00515092905340081,0.06990248122612958,206.08250122070314,7.732992010096207,-9.121747832149525,-11.299310251657097,3.9687820559230556,22.178553578321473,0.8440781556825937,2.0133449086605046
2019-10-31,208.98347871199897,26736.797724184784,2977.675197435462,18.93,0.72,0.16,22.04,227.15904671805245,186.72904822939918,188.41500022194603,210.27999877929688,268.702383858817,0.012696981638462557,-0.05730301836153745,-0.03906458967920118,-0.01630029793427651,-0.014957352387818978,0.043685209144170456,0.06748746883354412,210.79499886252663,8.69713152354082,-10.648894649355853,-9.842155282714213,0.6203935714385562,28.575897728794576,-0.8593752984192324,0.9064411174184307
2019-11-30,219.5280014038086,27797.04609375,3104.9044921875,18.93,0.72,0.16,22.04,223.82421152215255,176.40850067138672,209.95190502348402,223.64100036621093,287.08949890136716,0.07971545625797538,0.009715456257975374,-0.050754603813401855,-0.042076826135320766,-0.026931579151644625,0.055191850812082166,0.04977565903872133,199.65227300470525,1.9570214691843997,-19.64191376803278,-4.362129805349941,1.8735646186823927,30.77579947228839,9.955172610849726,-2.9816626351762925
2019-12-31,223.89285714285714,28167.005766369046,3176.74951171875,6.81,0.73,0.15,22.78,188.8649999445135,184.33954620361328,216.07000078473772,227.00181926380503,282.7231805974787,0.07671625185058173,0.006716251850581723,0.028907864779750103,-0.10971596685637458,-0.060029727363177965,0.08140349921471907,0.01143958613206536,207.8219985961914,-15.644919469670155,-17.666178119298582,-3.494017834221469,1.388593705320482,26.27610554680816,7.732992010096207,0.8440781556825937
2020-01-31,227.15904671805245,28879.994326636905,3278.202857607887,6.81,0.73,0.15,24.88,186.72904822939918,188.41500022194603,210.27999877929688,232.09105240671258,278.4304765973772,0.06610784020241,-0.00389215979759,0.05134350755174638,-0.10284604854011598,-0.10200224344446979,0.12566830450006733,0.01404086889615469,208.98347871199897,-17.798101846603796,-17.05591173051327,-7.4304977867360416,2.1711685094284108,22.57071889501383,8.69713152354082,-0.8593752984192324
2020-02-29,223.82421152215255,28519.73159950658,3277.3141832853617,6.81,0.73,0.15,24.88,176.40850067138672,209.95190502348402,223.64100036621093,240.19315860145971,285.80408963290125,0.09448266253282345,0.02448266253282344,-0.05233970169918639,-0.07095440743912312,-0.04404311682844558,0.06997707058620845,0.002949583949112544,219.5280014038086,-21.184352902801564,-6.197857865477414,-0.08185493191092401,7.313304922638844,27.69131975903972,1.9570214691843997,9.955172610849726
2020-03-31,188.8649999445135,22637.420809659092,2652.393632368608,45.82,0.68,0.18,22.8,184.33954620361328,216.07000078473772,227.00181926380503,253.91391190238622,278.1142883300781,-0.15846688657405328,-0.22846688657405329,-0.02421956535696629,-0.08944319131403816,-0.002857939072602178,0.03863263662871802,-0.00515092905340081,223.89285714285714,-2.3961314919279633,14.40446924957867,20.192634596402574,34.44201518385269,47.25559972032145,-15.644919469670155,7.732992010096207
2020-04-30,186.72904822939918,23293.899832589286,2761.9752255394346,45.82,0.68,0.18,24.97,188.41500022194603,210.27999877929688,232.09105240671258,268.702383858817,283.55238124302457,-0.1287700167803275,-0.19877001678032752,-0.05730301836153745,-0.03906458967920118,-0.01630029793427651,-0.014957352387818978,0.043685209144170456,227.15904671805245,0.9028868344445437,12.612365763769667,24.292955277952018,43.899616265763015,51.85231431944997,-17.798101846603796,8.69713152354082
2020-05-31,176.40850067138672,24271.02138671875,2919.6084838867187,45.82,0.68,0.18,24.97,209.95190502348402,223.64100036621093,240.19315860145971,287.08949890136716,284.88190278552827,-0.1268488995247612,-0.1968488995247612,0.009715456257975374,-0.050754603813401855,-0.042076826135320766,-0.026931579151644625,0.055191850812082166,223.82421152215255,19.01461903731151,26.774503221252804,36.15736072089343,62.74130657465125,61.48989515885377,-21.184352902801564,1.9570214691843997
2020-06-30,184.33954620361328,26062.270152698864,3104.6609330610795,19.55,0.63,0.18,31.29,216.07000078473772,227.00181926380503,253.91391190238622,282.7231805974787,290.5881819291548,-0.07472344171502965,-0.14472344171502965,0.006716251850581723,0.028907864779750103,-0.10971596685637458,-0.060029727363177965,0.08140349921471907,188.8649999445135,17.21304800548678,23.143310233100443,37.74250676624981,53.370878045449466,57.637461908571694,-2.3961314919279633,-15.644919469670155
2020-07-31,188.41500022194603,26385.83087713068,3207.6190962357955,19.55,0.63,0.18,32.44,210.27999877929688,232.09105240671258,268.702383858817,278.4304765973772,313.0895034790039,-0.08636301729483997,-0.15636301729483998,-0.00389215979759,0.05134350755174638,-0.10284604854011598,-0.10200224344446979,0.12566830450006733,186.72904822939918,11.604701606344861,23.18077230226773,42.61199137133207,47.77511146638867,66.17015795461924,0.9028868344445437,-17.798101846603796
2020-08-31,209.95190502348402,27821.367280505954,3391.7100190662204,19.55,0.63,0.18,34.41,223.64100036621093,240.19315860145971,287.08949890136716,285.80408963290125,316.3526322214227,-0.024487057901088627,-0.09448705790108863,0.02448266253282344,-0.05233970169918639,-0.07095440743912312,-0.04404311682844558,0.06997707058620845,176.40850067138672,6.520110089592057,14.40389577536488,36.74060202942906,36.12836216033993,50.67861955624423,19.01461903731151,-21.184352902801564
2020-09-30,216.07000078473772,27733.396391369046,3365.516671316964,14.16,0.7,0.17,34.27,227.00181926380503,253.91391190238622,282.7231805974787,278.1142883300781,338.35695482336956,0.22511290595152822,0.1551129059515282,-0.22846688657405329,-0.02421956535696629,-0.08944319131403816,-0.002857939072602178,0.03863263662871802,184.33954620361328,5.059387438961631,17.514653112511876,30.847956482003713,28.71490133753124,56.595989075069085,17.21304800548678,-2.3961314919279633
2020-10-31,210.27999877929688,28005.105024857956,3418.6999955610795,14.16,0.7,0.17,34.27,232.09105240671258,268.702383858817,278.4304765973772,283.55238124302457,342.6574966430664,0.20225059891763886,0.13225059891763885,-0.19877001678032752,-0.05730301836153745,-0.03906458967920118,-0.01630029793427651,-0.014957352387818978,188.41500022194603,10.372386225048386,27.783139346904008,32.409396144998496,34.84515069863208,62.95296682149437,11.604701606344861,0.9028868344445437
2020-11-30,223.64100036621093,29124.03662109375,3548.99248046875,14.16,0.7,0.17,37.16,240.19315860145971,287.08949890136716,285.80408963290125,284.88190278552827,312.9200003487723,0.1999510097679944,0.1299510097679944,-0.1968488995247612,0.009715456257975374,-0.050754603813401855,-0.042076826135320766,-0.026931579151644625,209.95190502348402,7.401218116599691,28.370691613460707,27.7959270280935,27.3835756051152,39.920676368093275,6.520110089592057,19.01461903731151
2020-12-31,227.00181926380503,30148.57990056818,3695.3100142045455,12.57,0.69,0.15,39.26,253.91391190238622,282.7231805974787,278.1142883300781,290.5881819291548,286.95475696382067,0.15679024597349445,0.08679024597349444,-0.14472344171502965,0.006716251850581723,0.028907864779750103,-0.10971596685637458,-0.060029727363177965,216.07000078473772,11.8554524038003,24.54665848687245,22.516325742250505,28.01138901510491,26.410774105005164,5.059387438961631,17.21304800548678
2021-01-31,232.09105240671258,30821.352590460527,3793.7484323601975,12.57,0.69,0.15,39.26,268.702383858817,278.4304765973772,283.55238124302457,313.0895034790039,282.5914993286133,0.16810240821994493,0.09810240821994493,-0.15636301729483998,-0.00389215979759,0.05134350755174638,-0.10284604854011598,-0.10200224344446979,210.27999877929688,15.774555318895834,19.966053714755095,22.172905117484667,34.89942857872476,21.75889436418451,10.372386225048386,11.604701606344861
2021-02-28,240.19315860145971,31283.909847861843,3883.4321160567433,12.57,0.69,0.15,39.26,287.08949890136716,285.80408963290125,284.88190278552827,316.3526322214227,294.5699980362602,0.12445623295380037,0.054456232953800365,-0.09448705790108863,0.02448266253282344,-0.05233970169918639,-0.07095440743912312,-0.04404311682844558,223.64100036621093,19.52442799493726,18.989271508403547,18.605335990530154,31.707594863819804,22.638796105356686,7.401218116599691,6.520110089592057
2021-03-31,253.91391190238622,32373.29110054348,3910.5082795516305,5.81,0.75,0.16,30.5,282.7231805974787,278.1142883300781,290.5881819291548,338.35695482336956,275.46857270740327,0.16730351536093946,0.09730351536093945,0.1551129059515282,-0.22846688657405329,-0.02421956535696629,-0.08944319131403816,-0.002857939072602178,227.00181926380503,11.34607729023048,9.530937571075434,14.44358434399905,33.256564119829065,8.488964091618364,11.8554524038003,5.059387438961631
2021-04-30,268.702383858817,33803.28608630953,4141.176199776785,5.81,0.75,0.16,29.92,278.4304765973772,283.55238124302457,313.0895034790039,342.6574966430664,279.4095226469494,0.20704014701265994,0.13704014701265993,0.13225059891763885,-0.19877001678032752,-0.05730301836153745,-0.03906458967920118,-0.01630029793427651,232.09105240671258,3.620396886270879,5.526559597629086,16.51906432043753,27.52305793576707,3.98475764686861,15.774555318895834,10.372386225048386
2021-05-31,287.08949890136716,34270.30859375,4167.849536132812,5.81,0.75,0.16,29.92,285.80408963290125,284.88190278552827,316.3526322214227,312.9200003487723,304.4142877487909,0.17670187823239258,0.10670187823239258,0.1299510097679944,-0.1968488995247612,0.009715456257975374,-0.050754603813401855,-0.042076826135320766,240.19315860145971,-0.44773816993826343,-0.7689574590108366,10.193035075138441,8.997368955065648,6.0346299372572565,19.52442799493726,7.401218116599691
2021-06-30,282.7231805974787,34289.906782670456,4238.48954634233,6.12,0.77,0.15,26.7,278.1142883300781,290.5881819291548,338.35695482336956,286.95475696382067,307.1185709635417,0.1373639121895831,0.0673639121895831,0.08679024597349444,-0.14472344171502965,0.006716251850581723,0.028907864779750103,-0.10971596685637458,253.91391190238622,-1.6301784160961243,2.7818735326388957,19.677825535324008,1.4967206995193658,8.628719553348345,11.34607729023048,11.8554524038003
2021-07-31,278.4304765973772,34798.80431547619,4363.712797619048,6.12,0.77,0.15,26.7,283.55238124302457,313.0895034790039,342.6574966430664,282.5914993286133,312.78599853515624,0.12904857803828884,0.059048578038288835,0.09810240821994493,-0.15636301729483998,-0.00389215979759,0.05134350755174638,-0.10284604854011598,268.702383858817,1.8395632217567415,12.44800041474812,23.067525089419107,1.4944566349513155,12.338994767249792,3.620396886270879,15.774555318895834
2021-08-31,285.80408963290125,35243.96590909091,4453.965931285511,6.12,0.77,0.15,26.23,284.88190278552827,316.3526322214227,312.9200003487723,294.5699980362602,307.96368408203125,0.12658443527319285,0.056584435273192846,0.054456232953800365,-0.09448705790108863,0.02448266253282344,-0.05233970169918639,-0.07095440743912312,287.08949890136716,-0.32266397886660036,10.688630322875815,9.48758667194016,3.067103908351429,7.753421050619923,-0.44773816993826343,19.52442799493726
2021-09-30,278.1142883300781,34688.42131696428,4445.543317522322,7.31,0.74,0.16,25.35,290.5881819291548,338.35695482336956,286.95475696382067,275.46857270740327,304.34261023479957,0.07151358844643196,0.0015135884464319571,0.09730351536093945,0.1551129059515282,-0.22846688657405329,-0.02421956535696629,-0.08944319131403816,282.7231805974787,4.48516819253534,21.66111883535909,3.178717888543106,-0.951305176933163,9.430771091340883,-1.6301784160961243,11.34607729023048
2021-10-31,283.55238124302457,35055.517857142855,4460.707077752976,7.31,0.74,0.16,25.35,313.0895034790039,342.6574966430664,282.5914993286133,279.4095226469494,319.27894672594573,0.03704467570507841,-0.032955324294921595,0.13704014701265993,0.13225059891763885,-0.19877001678032752,-0.05730301836153745,-0.03906458967920118,278.4304765973772,10.416813326164208,20.844513856995096,-0.3388728072742737,-1.4610558295838887,12.599635145472805,1.8395632217567415,3.620396886270879
2021-11-30,284.88190278552827,35848.57068452381,4667.386648995535,7.31,0.74,0.16,24.52,316.3526322214227,312.9200003487723,294.5699980362602,304.4142877487909,324.2004560990767,0.046053337583941145,-0.02394666241605886,0.10670187823239258,0.1299510097679944,-0.1968488995247612,0.009715456257975374,-0.050754603813401855,285.80408963290125,11.046938793998088,9.842007263042033,3.4007408529651486,6.856309499577967,13.801702715791384,-0.32266397886660036,-0.44773816993826343
2021-12-31,290.5881819291548,35641.333806818184,4674.772771661932,7.51,0.75,0.15,23.63,338.35695482336956,286.95475696382067,275.46857270740327,307.1185709635417,335.0609537760417,0.03941180221670115,-0.030588197783298854,0.0673639121895831,0.08679024597349444,-0.14472344171502965,0.006716251850581723,0.028907864779750103,278.1142883300781,16.43864956141291,-1.2503691448195127,-5.203105343574397,5.688596461371911,15.304397980551492,4.48516819253534,-1.6301784160961243
2022-01-31,313.0895034790039,35456.1447265625,4573.815454101563,7.51,0.75,0.15,23.11,342.6574966430664,282.5914993286133,279.4095226469494,312.78599853515624,345.1439971923828,0.018889741300506913,-0.051110258699493094,0.059048578038288835,0.09810240821994493,-0.15636301729483998,-0.00389215979759,0.05134350755174638,283.55238124302457,9.443942653939965,-9.740985824021992,-10.757301173564601,-0.09693871575864235,10.23812467591349,10.416813326164208,1.8395632217567415
2022-02-28,316.3526322214227,34648.48026315789,4435.980494449013,7.51,0.75,0.15,22.42,312.9200003487723,294.5699980362602,304.4142877487909,307.96368408203125,355.7391304347826,-0.016896102086496945,-0.08689610208649695,0.056584435273192846,0.054456232953800365,-0.09448705790108863,0.02448266253282344,-0.05233970169918639,284.88190278552827,-1.0850650581114254,-6.885554905045437,-3.7737458951426923,-2.6517712466889907,12.450188239872894,11.046938793998088,-0.32266397886660036
2022-03-31,338.35695482336956,34029.74065896739,4391.265264096467,9.49,0.88,0.11,22.19,286.95475696382067,275.46857270740327,307.1185709635417,304.34261023479957,363.27349853515625,-0.018988487598735615,-0.08898848759873562,0.0015135884464319571,0.09730351536093945,0.1551129059515282,-0.22846688657405329,-0.02421956535696629,290.5881819291548,-15.191707197619767,-18.58640149684393,-9.232375281346016,-10.052799005218112,7.363981545700374,16.43864956141291,4.48516819253534
2022-04-30,342.6574966430664,34314.9900390625,4391.29599609375,9.49,0.88,0.11,22.19,282.5914993286133,279.4095226469494,312.78599853515624,319.27894672594573,342.06409107555044,-0.021124429571918846,-0.09112442957191885,-0.032955324294921595,0.13704014701265993,0.13225059891763885,-0.19877001678032752,-0.05730301836153745,313.0895034790039,-17.529456644872894,-18.45807391221329,-8.717596550653083,-6.822716603650797,-0.1731774653493389,9.443942653939965,10.416813326164208
2022-05-31,312.9200003487723,32379.462797619046,4040.3600027901784,9.49,0.88,0.11,20.81,294.5699980362602,304.4142877487909,307.96368408203125,324.2004560990767,354.72142537434894,-0.09677116327548341,-0.16677116327548341,-0.02394666241605886,0.10670187823239258,0.1299510097679944,-0.1968488995247612,0.009715456257975374,316.3526322214227,-5.8641193570432355,-2.718174802026445,-1.5838924521337328,3.6049008493325734,13.35850216636389,-1.0850650581114254,11.046938793998088
2022-06-30,286.95475696382067,31446.712797619046,3898.9466843377977,54.5,0.76,0.11,20.28,275.46857270740327,307.1185709635417,304.34261023479957,335.0609537760417,356.90350036621095,-0.11768978770364391,-0.18768978770364392,-0.030588197783298854,0.0673639121895831,0.08679024597349444,-0.14472344171502965,0.006716251850581723,338.35695482336956,-4.00278579729751,7.026826881376033,6.059440678019901,16.764383807823148,24.376227159464527,-15.191707197619767,16.43864956141291
2022-07-31,282.5914993286133,31535.32333984375,3911.7294921875,54.5,0.76,0.11,20.28,279.4095226469494,312.78599853515624,319.27894672594573,345.1439971923828,370.2528555733817,-0.11058228177248519,-0.1805822817724852,-0.051110258699493094,0.059048578038288835,0.09810240821994493,-0.15636301729483998,-0.00389215979759,342.6574966430664,-1.1259987258016115,10.684857569417224,12.982502122142826,22.135307683487664,31.02052130125501,-17.529456644872894,9.443942653939965
2022-08-31,294.5699980362602,33009.56487771739,4158.563083814538,54.5,0.76,0.11,22.03,304.4142877487909,307.96368408203125,324.2004560990767,355.7391304347826,402.20999908447266,-0.04730121993786773,-0.11730121993786774,-0.08689610208649695,0.056584435273192846,0.054456232953800365,-0.09448705790108863,0.02448266253282344,312.9200003487723,3.3419186536841194,4.546860214909722,10.058885243014167,20.76556771100389,36.54139992728061,-5.8641193570432355,-1.0850650581114254
2022-09-30,275.46857270740327,30649.559523809523,3850.5204961867557,0.0,0.75,0.12,20.58,307.1185709635417,304.34261023479957,335.0609537760417,363.27349853515625,408.70350189208983,-0.09933020557026007,-0.16933020557026007,-0.08898848759873562,0.0015135884464319571,0.09730351536093945,0.1551129059515282,-0.22846688657405329,286.95475696382067,11.489513284608462,10.481790079939781,21.633096103465913,31.874752522501893,48.36665318123451,-4.00278579729751,-15.191707197619767
2022-10-31,279.4095226469494,30570.683779761905,3726.050955636161,0.0,0.75,0.12,20.44,312.78599853515624,319.27894672594573,345.1439971923828,342.06409107555044,407.81818320534444,-0.10911576121800581,-0.17911576121800582,-0.09112442957191885,-0.032955324294921595,0.13704014701265993,0.13225059891763885,-0.19877001678032752,282.5914993286133,11.945360906822055,14.269171537640718,23.5262112481731,22.423920213975236,45.95715254867924,-1.1259987258016115,-17.529456644872894
2022-11-30,304.4142877487909,33417.95824032738,3917.488595145089,0.0,0.75,0.12,22.07,307.96368408203125,324.2004560990767,355.7391304347826,354.72142537434894,408.5581803755327,0.032072658190756,-0.03792734180924401,-0.16677116327548341,-0.02394666241605886,0.10670187823239258,0.1299510097679944,-0.1968488995247612,294.5699980362602,1.1659756049851953,6.499750224146424,16.860195053770294,16.525879254088277,34.211236731662055,3.3419186536841194,-5.8641193570432355
2022-12-31,307.1185709635417,33482.25725446428,3912.3809523809523,0.0,0.75,0.12,22.07,304.34261023479957,335.0609537760417,363.27349853515625,356.90350036621095,409.6057915938528,0.06472995985129981,-0.005270040148700195,-0.18768978770364392,-0.030588197783298854,0.0673639121895831,0.08679024597349444,-0.14472344171502965,275.46857270740327,-0.9038726378652162,9.098239394913394,18.28444544901219,16.210328553716565,33.37057095205014,11.489513284608462,-4.00278579729751
2023-01-31,312.78599853515624,33656.0001953125,3960.656530761719,0.0,0.84,0.13,22.82,319.27894672594573,345.1439971923828,342.06409107555044,370.2528555733817,426.948637528853,0.06724766486821943,-0.002752335131780581,-0.1805822817724852,-0.051110258699493094,0.059048578038288835,0.09810240821994493,-0.15636301729483998,279.4095226469494,2.075843618703317,10.345091790798183,9.360422997675654,18.372579753363333,36.49864109274227,11.945360906822055,-1.1259987258016115
2023-02-28,307.96368408203125,33648.25678453947,4079.6847245065787,0.0,0.84,0.13,23.4,324.2004560990767,355.7391304347826,354.72142537434894,402.20999908447266,442.86454634232956,0.01934869208934109,-0.050651307910658916,-0.11730121993786774,-0.08689610208649695,0.056584435273192846,0.054456232953800365,-0.09448705790108863,304.4142877487909,5.2723008771126745,15.513337715503361,15.182875030116532,30.603061293856104,43.80414614872746,1.1659756049851953,3.3419186536841194
2023-03-31,304.34261023479957,32483.478260869564,3968.5591457201085,89.24,0.78,0.13,22.66,335.0609537760417,363.27349853515625,356.90350036621095,408.70350189208983,458.18699951171874,0.05983507644328134,-0.010164923556718664,-0.16933020557026007,-0.08898848759873562,0.0015135884464319571,0.09730351536093945,0.1551129059515282,307.1185709635417,10.093342998386914,19.363338000844394,17.270302732456948,34.29059492417972,50.54973707369751,-0.9038726378652162,11.489513284608462
2023-04-30,319.27894672594573,33731.28022203947,4121.467362253289,89.24,0.78,0.13,22.66,345.1439971923828,342.06409107555044,370.2528555733817,407.81818320534444,458.4060854704484,0.1033865145132904,0.03338651451329039,-0.17911576121800582,-0.09112442957191885,-0.032955324294921595,0.13704014701265993,0.13225059891763885,312.78599853515624,8.10108237065767,7.136438084394715,15.965321036713892,27.730997420070008,43.57541897803958,2.075843618703317,11.945360906822055
2023-05-31,324.2004560990767,33316.802290482956,4146.1731955788355,89.24,0.78,0.13,23.15,355.7391304347826,354.72142537434894,402.20999908447266,408.5581803755327,467.6134994506836,-0.003026993723463156,-0.07302699372346316,-0.03792734180924401,-0.16677116327548341,-0.02394666241605886,0.10670187823239258,0.1299510097679944,307.96368408203125,9.728140026449443,9.414227741229626,24.06213239920798,26.02023615003059,44.23591659222695,5.2723008771126745,1.1659756049851953
2023-06-30,335.0609537760417,33904.97637648809,4345.372837611607,8.56,0.81,0.14,24.01,363.27349853515625,356.90350036621095,408.70350189208983,409.6057915938528,459.7723824637277,0.012625167975120588,-0.05737483202487942,-0.005270040148700195,-0.18768978770364392,-0.030588197783298854,0.0673639121895831,0.08679024597349444,304.34261023479957,8.420123097355035,6.518977023138619,21.978851097424982,22.24814230894767,37.220519813551434,10.093342998386914,-0.9038726378652162
2023-07-31,345.1439971923828,34777.2001953125,4508.07548828125,8.56,0.81,0.14,24.76,342.06409107555044,370.2528555733817,407.81818320534444,426.948637528853,,0.03331352488392714,-0.03668647511607287,-0.002752335131780581,-0.1805822817724852,-0.051110258699493094,0.059048578038288835,0.09810240821994493,319.27894672594573,-0.8923539571559289,7.274893547403412,18.15885152944645,23.70159730486994,,8.10108237065767,2.075843618703317
2023-08-31,355.7391304347826,34880.65658967391,4457.358674422554,8.56,0.81,0.14,24.16,354.72142537434894,402.20999908447266,408.5581803755327,442.86454634232956,,0.03662596291468789,-0.033374037085312114,-0.050651307910658916,-0.11730121993786774,-0.08689610208649695,0.056584435273192846,0.054456232953800365,324.2004560990767,-0.2860818429476257,13.063187227363368,14.84769186796934,24.491378218938884,,9.728140026449443,5.2723008771126745
2023-09-30,363.27349853515625,34318.8908203125,4409.094995117188,8.56,0.81,0.14,24.16,356.90350036621095,408.70350189208983,409.6057915938528,458.18699951171874,,0.05650295650924564,-0.013497043490754368,-0.010164923556718664,-0.16933020557026007,-0.08898848759873562,0.0015135884464319571,0.09730351536093945,335.0609537760417,-1.7534992766142659,12.505730128986285,12.754107647688123,26.12728463796186,,8.420123097355035,10.093342998386914
2023-10-31,342.06409107555044,33319.492720170456,4269.400945490057,9.96,0.86,0.15,22.78,370.2528555733817,407.81818320534444,426.948637528853,458.4060854704484,,-0.012207882391607638,-0.08220788239160765,0.03338651451329039,-0.17911576121800582,-0.09112442957191885,-0.032955324294921595,0.13704014701265993,345.1439971923828,8.240784470885982,19.222740370976602,24.81539239807385,34.01175318610158,,-0.8923539571559289,8.10108237065767
2023-11-30,354.72142537434894,34704.50241815476,4460.063313802083,9.96,0.86,0.15,23.51,402.20999908447266,408.5581803755327,442.86454634232956,467.6134994506836,,0.041651660191536655,-0.028348339808463352,-0.07302699372346316,-0.03792734180924401,-0.16677116327548341,-0.02394666241605886,0.10670187823239258,355.7391304347826,13.38756847292421,15.177192904084688,24.848547243787248,31.825558311623276,,-0.2860818429476257,9.728140026449443
2023-12-31,356.90350036621095,36947.9275390625,4685.051489257812,9.96,0.86,0.15,23.51,408.70350189208983,409.6057915938528,458.18699951171874,459.7723824637277,,0.08974939633594858,0.019749396335948577,-0.05737483202487942,-0.005270040148700195,-0.18768978770364392,-0.030588197783298854,0.0673639121895831,363.27349853515625,14.513727512542754,14.766538062407678,28.378398934609212,28.82260386686183,,-1.7534992766142659,8.420123097355035
2024-01-31,370.2528555733817,37763.954799107145,4804.491513206845,8.06,0.82,0.15,25.01,407.81818320534444,426.948637528853,458.4060854704484,,,0.08588254911323245,0.015882549113232447,-0.03668647511607287,-0.002752335131780581,-0.1805822817724852,-0.051110258699493094,0.059048578038288835,342.06409107555044,10.145857639311997,15.312719700073881,23.808926405321216,,,8.240784470885982,-0.8923539571559289
2024-02-29,402.20999908447266,38720.51796875,5011.96142578125,8.06,0.82,0.15,26.14,408.5581803755327,442.86454634232956,467.6134994506836,,,0.11008569661537959,0.040085696615379585,-0.033374037085312114,-0.050651307910658916,-0.11730121993786774,-0.08689610208649695,0.056584435273192846,354.72142537434894,1.5783250803088007,10.107791290717907,16.261032921877913,,,13.38756847292421,-0.2860818429476257
2024-03-31,408.70350189208983,39105.519921875,5170.572485351562,8.06,0.82,0.15,26.14,409.6057915938528,458.18699951171874,459.7723824637277,,,0.13947505257743953,0.06947505257743952,-0.013497043490754368,-0.010164923556718664,-0.16933020557026007,-0.08898848759873562,0.0015135884464319571,356.90350036621095,0.22076877188128757,12.10743176668304,12.495337166237837,,,14.513727512542754,-1.7534992766142659
2024-04-30,407.81818320534444,38401.217329545456,5112.492742365057,12.41,0.95,0.25,26.41,426.948637528853,458.4060854704484,,,,0.1525150653418772,0.08251506534187719,-0.08220788239160765,0.03338651451329039,-0.17911576121800582,-0.09112442957191885,-0.032955324294921595,370.2528555733817,4.690927259090849,12.404523473547998,,,,10.145857639311997,8.240784470885982
2024-05-31,408.5581803755327,39129.390447443184,5235.225497159091,12.41,0.95,0.25,26.93,442.86454634232956,467.6134994506836,,,,0.12750184330473657,0.057501843304736566,-0.028348339808463352,-0.07302699372346316,-0.03792734180924401,-0.16677116327548341,-0.02394666241605886,402.20999908447266,8.396935274986696,14.45456777315517,,,,1.5783250803088007,13.38756847292421
2024-06-30,409.6057915938528,38903.73067434211,5415.140496504934,12.41,0.95,0.25,26.93,458.18699951171874,459.7723824637277,,,,0.05293404165123672,-0.017065958348763288,0.019749396335948577,-0.05737483202487942,-0.005270040148700195,-0.18768978770364392,-0.030588197783298854,408.70350189208983,11.860478761500746,12.247529673510545,,,,0.22076877188128757,14.513727512542754
2024-07-31,426.948637528853,40086.03160511364,5538.004572088068,12.94,0.89,0.24,28.06,458.4060854704484,,,,,0.06148923804085782,-0.008510761959142188,0.015882549113232447,-0.03668647511607287,-0.002752335131780581,-0.1805822817724852,-0.051110258699493094,407.81818320534444,7.367970096747175,,,,,4.690927259090849,10.145857639311997
2024-08-31,442.86454634232956,40310.814453125,5478.214577414773,12.94,0.89,0.24,28.06,467.6134994506836,,,,,0.04107115730369304,-0.028928842696306967,0.040085696615379585,-0.033374037085312114,-0.050651307910658916,-0.11730121993786774,-0.08689610208649695,408.5581803755327,5.588379858527526,,,,,8.396935274986696,1.5783250803088007
2024-09-30,458.18699951171874,41490.8828125,5621.26044921875,9.3,0.97,0.28,28.07,459.7723824637277,,,,,0.060998112169087015,-0.009001887830912991,0.06947505257743952,-0.013497043490754368,-0.010164923556718664,-0.16933020557026007,-0.08898848759873562,409.6057915938528,0.34601220761358764,,,,,11.860478761500746,0.22076877188128757
2024-10-31,458.4060854704484,42494.19735054348,5792.319548233696,9.3,0.97,0.28,28.92,,,,,,0.10658464250946897,0.03658464250946897,0.08251506534187719,-0.08220788239160765,0.03338651451329039,-0.17911576121800582,-0.09112442957191885,426.948637528853,,,,,,7.367970096747175,4.690927259090849
2024-11-30,467.6134994506836,43716.926953125,5929.915991210937,9.3,0.97,0.28,28.92,,,,,,0.11724017300610878,0.04724017300610878,0.057501843304736566,-0.028348339808463352,-0.07302699372346316,-0.03792734180924401,-0.16677116327548341,442.86454634232956,,,,,,5.588379858527526,8.396935274986696
2024-12-31,459.7723824637277,43655.57087053572,6010.908551897322,10.98,0.93,0.29,30.01,,,,,,0.12214356088290423,0.05214356088290423,-0.017065958348763288,0.019749396335948577,-0.05737483202487942,-0.005270040148700195,-0.18768978770364392,458.18699951171874,,,,,,0.34601220761358764,11.860478761500746
